County Name,City,Hospital Name,Patient Survey Star Rating
ADAMS,AURORA,UNIVERSITY OF COLORADO HOSPITAL AUTHORITY,4.0
ADAMS,BRIGHTON,PLATTE VALLEY MEDICAL CENTER,4.0
ADAMS,THORNTON,NORTH SUBURBAN MEDICAL CENTER,3.0
ALAMEDA,ALAMEDA,ALAMEDA HOSPITAL,2.0
ALAMEDA,BERKELEY,ALTA BATES SUMMIT MEDICAL CENTER - ALTA BATES CAMP,2.0
ALAMEDA,CASTRO VALLEY,EDEN MEDICAL CENTER,4.0
ALAMEDA,FREMONT,KAISER FOUNDATION HOSPITAL - FREMONT,4.0
ALAMEDA,FREMONT,WASHINGTON HOSPITAL,3.0
ALAMEDA,HAYWARD,ST ROSE HOSPITAL,3.0
ALAMEDA,OAKLAND,ALTA BATES SUMMIT MEDICAL CENTER,4.0
ALAMEDA,OAKLAND,KAISER FOUNDATION HOSPITAL - OAKLAND/RICHMOND,4.0
ALAMEDA,OAKLAND,HIGHLAND HOSPITAL,3.0
ALAMEDA,PLEASANTON,STANFORD HEALTH CARE - VALLEYCARE,4.0
ALAMEDA,SAN LEANDRO,KAISER FOUNDATION HOSPITAL - SAN LEANDRO,4.0
ALAMEDA,SAN LEANDRO,SAN LEANDRO HOSPITAL,2.0
ALAMOSA,ALAMOSA,SAN LUIS VALLEY HEALTH,2.0
AMADOR,JACKSON,SUTTER AMADOR HOSPITAL,4.0
ANCHORAGE,ANCHORAGE,PROVIDENCE ALASKA MEDICAL CENTER,4.0
ANCHORAGE,ANCHORAGE,ALASKA NATIVE MEDICAL CENTER,3.0
ANCHORAGE,ANCHORAGE,ALASKA REGIONAL HOSPITAL,3.0
APACHE,CHINLE,CHINLE COMPREHENSIVE HEALTH CARE FACILITY,2.0
APACHE,FORT DEFIANCE,FORT DEFIANCE INDIAN HOSPITAL,3.0
ARAPAHOE,AURORA,"MEDICAL CENTER OF AURORA, THE",3.0
ARAPAHOE,ENGLEWOOD,SWEDISH MEDICAL CENTER,4.0
ARAPAHOE,LITTLETON,CENTURA HEALTH-LITTLETON ADVENTIST HOSPITAL,4.0
ARKANSAS,STUTTGART,BAPTIST HEALTH MEDICAL CENTER-STUTTGART,5.0
ASHLEY,CROSSETT,ASHLEY COUNTY MEDICAL CENTER,4.0
AUTAUGA,PRATTVILLE,PRATTVILLE BAPTIST HOSPITAL,4.0
BALDWIN,BAY MINETTE,NORTH BALDWIN INFIRMARY,4.0
BALDWIN,FAIRHOPE,THOMAS HOSPITAL,4.0
BALDWIN,FOLEY,SOUTH BALDWIN REGIONAL MEDICAL CENTER,4.0
BARBOUR,EUFAULA,MEDICAL CENTER BARBOUR,3.0
BAXTER,MOUNTAIN HOME,BAXTER REGIONAL MEDICAL CENTER,4.0
BENTON,ROGERS,MERCY HOSPITAL NORTHWEST ARKANSAS,4.0
BENTON,SILOAM SPRINGS,SILOAM SPRINGS REGIONAL HOSPITAL,3.0
BETHEL,BETHEL,YUKON KUSKOKWIM DELTA REG HOSPITAL,3.0
BLOUNT,ONEONTA,ST VINCENTS BLOUNT,4.0
BOONE,HARRISON,NORTH ARKANSAS REGIONAL MEDICAL CENTER,3.0
BOULDER,BOULDER,FOOTHILLS HOSPITAL,4.0
BOULDER,LAFAYETTE,GOOD SAMARITAN MEDICAL CENTER,4.0
BOULDER,LONGMONT,LONGMONT UNITED HOSPITAL,4.0
BOULDER,LOUISVILLE,CENTURA HEALTH-AVISTA ADVENTIST HOSPITAL,4.0
BROOMFIELD,WESTMINSTER,ST ANTHONY NORTH HEALTH CAMPUS,4.0
BUTLER,GREENVILLE,L V STABLER MEMORIAL HOSPITAL,3.0
BUTTE,CHICO,ENLOE MEDICAL CENTER,4.0
BUTTE,OROVILLE,OROVILLE HOSPITAL,2.0
BUTTE,PARADISE,ADVENTIST HEALTH FEATHER RIVER,3.0
CALHOUN,ANNISTON,NORTHEAST ALABAMA REGIONAL MEDICAL CENTER,3.0
CALHOUN,ANNISTON,STRINGFELLOW MEMORIAL HOSPITAL,3.0
CHAFFEE,SALIDA,HEART OF THE ROCKIES REGIONAL MEDICAL CENTER,5.0
CHILTON,CLANTON,ST VINCENT'S CHILTON,5.0
CLARK,ARKADELPHIA,BAPTIST HEALTH MEDICAL CENTER-ARKADELPHIA,4.0
CLARKE,GROVE HILL,GROVE HILL MEMORIAL HOSPITAL,3.0
CLAY,ASHLAND,CLAY COUNTY HOSPITAL,5.0
CLEBURNE,HEBER SPRINGS,BAPTIST HEALTH MEDICAL CENTER HEBER SPINGS,5.0
COCHISE,SIERRA VISTA,CANYON VISTA MEDICAL CENTER,2.0
COCONINO,FLAGSTAFF,FLAGSTAFF MEDICAL CENTER,4.0
COCONINO,TUBA CITY,TUBA CITY REGIONAL HEALTH CARE CORPORATION,2.0
COFFEE,ENTERPRISE,MEDICAL CENTER ENTERPRISE,3.0
COLBERT,MUSCLE SHOALS,SHOALS HOSPITAL,4.0
COLBERT,SHEFFIELD,HELEN KELLER MEMORIAL HOSPITAL,3.0
COLUMBIA,MAGNOLIA,MAGNOLIA HOSPITAL,3.0
CONECUH,EVERGREEN,EVERGREEN MEDICAL CENTER,3.0
CONTRA COSTA,ANTIOCH,KAISER FOUNDATION HOSPITAL - ANTIOCH,4.0
CONTRA COSTA,ANTIOCH,SUTTER DELTA MEDICAL CENTER,2.0
CONTRA COSTA,CONCORD,JOHN MUIR MEDICAL CENTER - CONCORD CAMPUS,4.0
CONTRA COSTA,MARTINEZ,CONTRA COSTA REGIONAL MEDICAL CENTER,3.0
CONTRA COSTA,SAN RAMON,SAN RAMON REGIONAL MEDICAL CENTER,3.0
CONTRA COSTA,WALNUT CREEK,JOHN MUIR MEDICAL CENTER - WALNUT CREEK CAMPUS,4.0
CONTRA COSTA,WALNUT CREEK,KAISER FOUNDATION HOSPITAL - WALNUT CREEK,3.0
COVINGTON,ANDALUSIA,ANDALUSIA HEALTH,3.0
COVINGTON,OPP,MIZELL MEMORIAL HOSPITAL,3.0
CRAIGHEAD,JONESBORO,NEA BAPTIST MEMORIAL HOSPITAL,4.0
CRAIGHEAD,JONESBORO,ST BERNARDS MEDICAL CENTER,4.0
CRAWFORD,VAN BUREN,SPARKS MEDICAL CENTER - VAN BUREN,3.0
CROSS,WYNNE,CROSSRIDGE COMMUNITY HOSPITAL,5.0
CULLMAN,CULLMAN,CULLMAN REGIONAL MEDICAL CENTER,3.0
DALE,OZARK,DALE MEDICAL CENTER,4.0
DALLAS,SELMA,VAUGHAN REGIONAL MEDICAL CENTER PARKWAY CAMPUS,2.0
DE KALB,FORT PAYNE,DEKALB REGIONAL MEDICAL CENTER,3.0
DEL NORTE,CRESCENT CITY,SUTTER COAST HOSPITAL,2.0
DELTA,DELTA,DELTA COUNTY MEMORIAL HOSPITAL,4.0
DENVER,DENVER,CENTURA HEALTH-PORTER ADVENTIST HOSPITAL,4.0
DENVER,DENVER,PRESBYTERIAN ST LUKES MEDICAL CENTER,4.0
DENVER,DENVER,ROSE MEDICAL CENTER,4.0
DENVER,DENVER,SAINT JOSEPH HOSPITAL,4.0
DENVER,DENVER,DENVER HEALTH MEDICAL CENTER,3.0
DOUGLAS,CASTLE ROCK,CASTLE ROCK ADVENTIST HOSPITAL,4.0
DOUGLAS,LONE TREE,SKY RIDGE MEDICAL CENTER,3.0
DOUGLAS,PARKER,PARKER ADVENTIST HOSPITAL,4.0
DREW,MONTICELLO,DREW MEMORIAL HOSPITAL,3.0
EAGLE,VAIL,VAIL HEALTH HOSPITAL,4.0
EL DORADO,PLACERVILLE,MARSHALL MEDICAL CENTER,4.0
EL DORADO,SOUTH LAKE TAHOE,BARTON MEMORIAL HOSPITAL,4.0
EL PASO,COLORADO SPRINGS,CENTURA HEALTH-PENROSE ST FRANCIS HEALTH SERVICES,4.0
EL PASO,COLORADO SPRINGS,UNIVERSITY COLO HEALTH MEMORIAL HOSPITAL CENTRAL,4.0
ELMORE,TALLASSEE,COMMUNITY HOSPITAL INC,3.0
ELMORE,WETUMPKA,ELMORE COMMUNITY HOSPITAL,4.0
ESCAMBIA,ATMORE,ATMORE COMMUNITY HOSPITAL,3.0
ESCAMBIA,BREWTON,D W MCMILLAN MEMORIAL HOSPITAL,4.0
ETOWAH,GADSDEN,RIVERVIEW REGIONAL MEDICAL CENTER,4.0
ETOWAH,GADSDEN,GADSDEN REGIONAL MEDICAL CENTER,3.0
FAIRBANKS NORTH STAR,FAIRBANKS,FAIRBANKS MEMORIAL HOSPITAL,3.0
FAIRFIELD,BRIDGEPORT,BRIDGEPORT HOSPITAL,3.0
FAIRFIELD,STAMFORD,STAMFORD HOSPITAL,4.0
FAULKNER,CONWAY,BAPTIST HEALTH MEDICAL CENTER-CONWAY,4.0
FAULKNER,CONWAY,CONWAY REGIONAL MEDICAL CENTER,4.0
FAYETTE,FAYETTE,FAYETTE MEDICAL CENTER,5.0
FAYETTE,WINFIELD,NORTHWEST MEDICAL CENTER,4.0
FRANKLIN,RUSSELLVILLE,RUSSELLVILLE HOSPITAL,3.0
FREMONT,CANON CITY,CENTURA HEALTH-ST THOMAS MORE HOSPITAL,3.0
FRESNO,CLOVIS,CLOVIS COMMUNITY MEDICAL CENTER,4.0
FRESNO,FRESNO,FRESNO SURGICAL HOSPITAL,5.0
FRESNO,FRESNO,KAISER FOUNDATION HOSPITAL - FRESNO,4.0
FRESNO,FRESNO,COMMUNITY REGIONAL MEDICAL CENTER,3.0
FRESNO,FRESNO,SAINT AGNES MEDICAL CENTER,3.0
FRESNO,REEDLEY,ADVENTIST HEALTH REEDLEY,3.0
FULTON,SALEM,FULTON COUNTY HOSPITAL,4.0
GARFIELD,GLENWOOD SPRINGS,VALLEY VIEW HOSPITAL ASSOCIATION,4.0
GARFIELD,RIFLE,GRAND RIVER MEDICAL CENTER,4.0
GARLAND,HOT SPRINGS,CHI ST. VINCENT HOSPITAL HOT SPRINGS,3.0
GARLAND,HOT SPRINGS,NATIONAL PARK MEDICAL CENTER,2.0
GENEVA,GENEVA,WIREGRASS MEDICAL CENTER,3.0
GILA,GLOBE,COBRE VALLEY REGIONAL MEDICAL CENTER,3.0
GRAHAM,SAFFORD,MT. GRAHAM REGIONAL MEDICAL CENTER,4.0
GREENE,PARAGOULD,ARKANSAS METHODIST MEDICAL CENTER,3.0
GUNNISON,GUNNISON,GUNNISON VALLEY HOSPITAL,4.0
HARTFORD,HARTFORD,ST FRANCIS HOSPITAL & MEDICAL CENTER,4.0
HEMPSTEAD,HOPE,WADLEY REGIONAL MEDICAL CENTER AT HOPE,3.0
HOT SPRING,MALVERN,BAPTIST HEALTH MEDICAL CENTER-HOT SPRINGS COUNTY,4.0
HOUSTON,DOTHAN,FLOWERS HOSPITAL,4.0
HOUSTON,DOTHAN,SOUTHEAST ALABAMA MEDICAL CENTER,2.0
HOWARD,NASHVILLE,HOWARD MEMORIAL HOSPITAL,5.0
HUMBOLDT,ARCATA,MAD RIVER COMMUNITY HOSPITAL,3.0
HUMBOLDT,EUREKA,ST JOSEPH HOSPITAL,2.0
HUMBOLDT,FORTUNA,REDWOOD MEMORIAL HOSPITAL,3.0
IMPERIAL,BRAWLEY,PIONEERS MEMORIAL HEALTHCARE DISTRICT,2.0
IMPERIAL,EL CENTRO,EL CENTRO REGIONAL MEDICAL CENTER,2.0
INDEPENDENCE,BATESVILLE,WHITE RIVER MEDICAL CENTER,3.0
INYO,BISHOP,NORTHERN INYO HOSPITAL,4.0
JACKSON,SCOTTSBORO,HIGHLANDS MEDICAL CENTER,2.0
JEFFERSON,BESSEMER,"MEDICAL WEST, AN AFFILIATE OF UAB HEALTH SYSTEM",3.0
JEFFERSON,BIRMINGHAM,GRANDVIEW MEDICAL CENTER,4.0
JEFFERSON,BIRMINGHAM,ST VINCENT'S BIRMINGHAM,4.0
JEFFERSON,BIRMINGHAM,UNIVERSITY OF ALABAMA HOSPITAL,4.0
JEFFERSON,BIRMINGHAM,BROOKWOOD BAPTIST MEDICAL CENTER,3.0
JEFFERSON,BIRMINGHAM,PRINCETON BAPTIST MEDICAL CENTER,3.0
JEFFERSON,BIRMINGHAM,ST VINCENT'S EAST,3.0
JEFFERSON,LAKEWOOD,ORTHOCOLORADO HOSPITAL AT ST ANTHONY MED CAMPUS,5.0
JEFFERSON,LAKEWOOD,CENTURA HEALTH-ST ANTHONY HOSPITAL,4.0
JEFFERSON,PINE BLUFF,JEFFERSON REGIONAL MEDICAL CENTER,3.0
JEFFERSON,WHEAT RIDGE,LUTHERAN MEDICAL CENTER,4.0
JOHNSON,CLARKSVILLE,JOHNSON REGIONAL MEDICAL CENTER,4.0
JUNEAU,JUNEAU,BARTLETT REGIONAL HOSPITAL,4.0
KENAI PENINSULA,HOMER,SOUTH PENINSULA HOSPITAL,4.0
KENAI PENINSULA,SOLDOTNA,CENTRAL PENINSULA GENERAL HOSPITAL,4.0
KERN,BAKERSFIELD,BAKERSFIELD HEART HOSPITAL,4.0
KERN,BAKERSFIELD,BAKERSFIELD MEMORIAL HOSPITAL,4.0
KERN,BAKERSFIELD,ADVENTIST HEALTH BAKERSFIELD,3.0
KERN,BAKERSFIELD,KERN MEDICAL CENTER,3.0
KERN,BAKERSFIELD,MERCY HOSPITAL,3.0
KERN,BAKERSFIELD,GOOD SAMARITAN HOSPITAL,2.0
KERN,DELANO,DELANO REGIONAL MEDICAL CENTER,2.0
KETCHIKAN GATEWAY,KETCHIKAN,KETCHIKAN MEDICAL CENTER,4.0
KINGS,HANFORD,ADVENTIST HEALTH HANFORD,3.0
LA PLATA,DURANGO,"ANIMAS SURGICAL HOSPITAL, LLC",5.0
LA PLATA,DURANGO,MERCY REGIONAL MEDICAL CENTER,4.0
LAKE,CLEARLAKE,ADVENTIST HEALTH CLEARLAKE,3.0
LAKE,LAKEPORT,SUTTER LAKESIDE HOSPITAL,4.0
LAPAZ,PARKER,LA PAZ REGIONAL HOSPITAL,3.0
LARIMER,FORT COLLINS,BANNER FORT COLLINS MEDICAL CENTER,4.0
LARIMER,FORT COLLINS,POUDRE VALLEY HOSPITAL,4.0
LARIMER,LOVELAND,MCKEE MEDICAL CENTER,4.0
LARIMER,LOVELAND,MEDICAL CENTER OF THE ROCKIES,4.0
LASSEN,SUSANVILLE,BANNER LASSEN MEDICAL CENTER,4.0
LAUDERDALE,FLORENCE,ELIZA COFFEE MEMORIAL HOSPITAL,2.0
LEE,OPELIKA,EAST ALABAMA MEDICAL CENTER,4.0
LIMESTONE,ATHENS,ATHENS LIMESTONE HOSPITAL,3.0
LITCHFIELD,SHARON,SHARON HOSPITAL,4.0
LITCHFIELD,TORRINGTON,CHARLOTTE HUNGERFORD HOSPITAL,2.0
LOGAN,STERLING,STERLING REGIONAL MEDCENTER,4.0
LOS ANGELES,ALHAMBRA,ALHAMBRA HOSPITAL MEDICAL CENTER,2.0
LOS ANGELES,ARCADIA,METHODIST HOSPITAL OF SOUTHERN CA,4.0
LOS ANGELES,BALDWIN PARK,KAISER FOUNDATION HOSPITAL - BALDWIN PARK,4.0
LOS ANGELES,BURBANK,PROVIDENCE SAINT JOSEPH MEDICAL CTR,4.0
LOS ANGELES,COVINA,CITRUS VALLEY MEDICAL CENTER-IC CAMPUS,3.0
LOS ANGELES,DOWNEY,KAISER FOUNDATION HOSPITAL - DOWNEY,4.0
LOS ANGELES,DOWNEY,LAC/RANCHO LOS AMIGOS NATIONAL REHABILITATION  CTR,4.0
LOS ANGELES,DOWNEY,PIH HOSPITAL - DOWNEY,3.0
LOS ANGELES,GARDENA,MEMORIAL HOSPITAL OF GARDENA,1.0
LOS ANGELES,GLENDALE,GLENDALE ADVENTIST MEDICAL CENTER,4.0
LOS ANGELES,GLENDALE,GLENDALE MEM HOSPITAL & HLTH CENTER,3.0
LOS ANGELES,GLENDALE,USC VERDUGO HILLS HOSPITAL,3.0
LOS ANGELES,GLENDORA,FOOTHILL PRESBYTERIAN HOSPITAL,3.0
LOS ANGELES,HARBOR CITY,KAISER FOUNDATION HOSPITAL - SOUTH BAY,4.0
LOS ANGELES,HOLLYWOOD,SOUTHERN CALIFORNIA HOSPITAL AT HOLLYWOOD,1.0
LOS ANGELES,HUNTINGTON PARK,COMMUNITY HOSPITAL OF HUNTINGTON PARK,2.0
LOS ANGELES,INGLEWOOD,CENTINELA HOSPITAL MEDICAL CENTER,3.0
LOS ANGELES,LAKEWOOD,LAKEWOOD REGIONAL MEDICAL CENTER,3.0
LOS ANGELES,LANCASTER,ANTELOPE VALLEY HOSPITAL,2.0
LOS ANGELES,LONG BEACH,LONG BEACH MEMORIAL MEDICAL CENTER,4.0
LOS ANGELES,LONG BEACH,ST MARY MEDICAL CENTER,3.0
LOS ANGELES,LONG BEACH,COMMUNITY HOSPITAL OF LONG BEACH,2.0
LOS ANGELES,LOS ANGELES,RONALD REAGAN U C L A MEDICAL CENTER,5.0
LOS ANGELES,LOS ANGELES,CEDARS-SINAI MEDICAL CENTER,4.0
LOS ANGELES,LOS ANGELES,KAISER FOUNDATION HOSPITAL - LOS ANGELES,4.0
LOS ANGELES,LOS ANGELES,KECK HOSPITAL OF USC,4.0
LOS ANGELES,LOS ANGELES,LAC+USC MEDICAL CENTER,4.0
LOS ANGELES,LOS ANGELES,"MARTIN LUTHER KING, JR. COMMUNITY HOSPITAL",4.0
LOS ANGELES,LOS ANGELES,CALIFORNIA HOSPITAL MEDICAL CENTER LA,3.0
LOS ANGELES,LOS ANGELES,EAST LOS ANGELES DOCTORS HOSPITAL,3.0
LOS ANGELES,LOS ANGELES,GOOD SAMARITAN HOSPITAL,3.0
LOS ANGELES,LOS ANGELES,KAISER FOUNDATION HOSPITAL - WEST LA,3.0
LOS ANGELES,LOS ANGELES,WHITE MEMORIAL MEDICAL CENTER,3.0
LOS ANGELES,LOS ANGELES,HOLLYWOOD PRESBYTERIAN MEDICAL CENTER,2.0
LOS ANGELES,LOS ANGELES,SAINT VINCENT MEDICAL CENTER,2.0
LOS ANGELES,LOS ANGELES,LOS ANGELES COMMUNITY HOSPITAL,1.0
LOS ANGELES,LOS ANGELES,OLYMPIA MEDICAL CENTER,1.0
LOS ANGELES,LYNWOOD,SAINT FRANCIS MEDICAL CENTER,2.0
LOS ANGELES,MARINA DEL REY,MARINA DEL REY HOSPITAL,3.0
LOS ANGELES,MISSION HILLS,PROVIDENCE HOLY CROSS MEDICAL CENTER,4.0
LOS ANGELES,MONTEBELLO,BEVERLY HOSPITAL,2.0
LOS ANGELES,MONTEREY PARK,GARFIELD MEDICAL CENTER,3.0
LOS ANGELES,MONTEREY PARK,MONTEREY PARK HOSPITAL,3.0
LOS ANGELES,NORTHRIDGE,NORTHRIDGE HOSPITAL MEDICAL CENTER,4.0
LOS ANGELES,NORWALK,COAST PLAZA HOSPITAL,1.0
LOS ANGELES,PALMDALE,PALMDALE REGIONAL MEDICAL CENTER,4.0
LOS ANGELES,PANORAMA CITY,KAISER FOUNDATION HOSPITAL - PANORAMA CITY,4.0
LOS ANGELES,PANORAMA CITY,MISSION COMMUNITY HOSPITAL,1.0
LOS ANGELES,PASADENA,HUNTINGTON MEMORIAL HOSPITAL,4.0
LOS ANGELES,POMONA,CASA COLINA HOSPITAL,5.0
LOS ANGELES,POMONA,POMONA VALLEY HOSPITAL MEDICAL CENTER,3.0
LOS ANGELES,SAN DIMAS,SAN DIMAS COMMUNITY HOSPITAL,3.0
LOS ANGELES,SAN GABRIEL,SAN GABRIEL VALLEY MEDICAL CENTER,3.0
LOS ANGELES,SAN PEDRO,PROVIDENCE LITTLE CO OF MARY MED CTR SAN PEDRO,4.0
LOS ANGELES,SANTA MONICA,PROVIDENCE SAINT JOHN'S HEALTH CENTER,4.0
LOS ANGELES,SANTA MONICA,SANTA MONICA - UCLA MED CTR & ORTHOPAEDIC HOSPITAL,4.0
LOS ANGELES,SHERMAN OAKS,SHERMAN OAKS HOSPITAL,2.0
LOS ANGELES,SOUTH EL MONTE,GREATER EL MONTE COMMUNITY HOSPITAL,3.0
LOS ANGELES,SUN VALLEY,PACIFICA HOSPITAL OF THE VALLEY,1.0
LOS ANGELES,SYLMAR,LAC/OLIVE VIEW-UCLA MEDICAL CENTER,4.0
LOS ANGELES,TARZANA,PROVIDENCE TARZANA MEDICAL CENTER,3.0
LOS ANGELES,TORRANCE,TORRANCE MEMORIAL MEDICAL CENTER,5.0
LOS ANGELES,TORRANCE,LAC/HARBOR-UCLA MED CENTER,4.0
LOS ANGELES,TORRANCE,PROVIDENCE LITTLE COMPANY OF MARY MED CTR TORRANCE,4.0
LOS ANGELES,VALENCIA,HENRY MAYO NEWHALL  HOSPITAL,4.0
LOS ANGELES,VAN NUYS,VALLEY PRESBYTERIAN HOSPITAL,3.0
LOS ANGELES,WEST HILLS,WEST HILLS HOSPITAL & MEDICAL CENTER,3.0
LOS ANGELES,WHITTIER,PIH HEALTH HOSPITAL-WHITTIER,5.0
LOS ANGELES,WHITTIER,WHITTIER HOSPITAL MEDICAL CENTER,3.0
LOS ANGELES,WOODLAND HILLS,KAISER FOUNDATION HOSPITAL - WOODLAND HILLS,4.0
MADERA,MADERA,MADERA COMMUNITY HOSPITAL,3.0
MADISON,HUNTSVILLE,HUNTSVILLE HOSPITAL,4.0
MADISON,HUNTSVILLE,CRESTWOOD MEDICAL CENTER,3.0
MARICOPA,CHANDLER,ARIZONA SPECIALTY HOSPITAL,5.0
MARICOPA,CHANDLER,CHANDLER REGIONAL MEDICAL CENTER,3.0
MARICOPA,GILBERT,BANNER GATEWAY MEDICAL CENTER,4.0
MARICOPA,GILBERT,MERCY GILBERT MEDICAL CENTER,4.0
MARICOPA,GLENDALE,ABRAZO ARROWHEAD CAMPUS,3.0
MARICOPA,GLENDALE,BANNER THUNDERBIRD MEDICAL CENTER,3.0
MARICOPA,GOODYEAR,ABRAZO WEST CAMPUS,3.0
MARICOPA,MESA,ARIZONA SPINE AND JOINT HOSPITAL,5.0
MARICOPA,MESA,BANNER HEART HOSPITAL,4.0
MARICOPA,MESA,BANNER BAYWOOD MEDICAL CENTER,3.0
MARICOPA,MESA,BANNER DESERT MEDICAL CENTER,3.0
MARICOPA,MESA,"MOUNTAIN VISTA MEDICAL CENTER, LP",2.0
MARICOPA,PHOENIX,MAYO CLINIC HOSPITAL,5.0
MARICOPA,PHOENIX,O.A.S.I.S. HOSPITAL,5.0
MARICOPA,PHOENIX,BANNER - UNIVERSITY MEDICAL CENTER PHOENIX,4.0
MARICOPA,PHOENIX,BANNER ESTRELLA MEDICAL CENTER,4.0
MARICOPA,PHOENIX,"CORE INSTITUTE SPECIALTY HOSPITAL, THE",4.0
MARICOPA,PHOENIX,JOHN C. LINCOLN NORTH MOUNTAIN HOSPITAL,4.0
MARICOPA,PHOENIX,ST. JOSEPH'S HOSPITAL AND MEDICAL CENTER,4.0
MARICOPA,PHOENIX,ABRAZO SCOTTSDALE CAMPUS,3.0
MARICOPA,PHOENIX,HONORHEALTH DEER VALLEY MEDICAL CENTER,3.0
MARICOPA,PHOENIX,MARICOPA MEDICAL CENTER,3.0
MARICOPA,PHOENIX,ABRAZO CENTRAL CAMPUS,2.0
MARICOPA,PHOENIX,ST LUKE'S MEDICAL CENTER,2.0
MARICOPA,SCOTTSDALE,SCOTTSDALE SHEA MEDICAL CENTER,4.0
MARICOPA,SCOTTSDALE,SCOTTSDALE THOMPSON PEAK MEDICAL CENTER,4.0
MARICOPA,SCOTTSDALE,SCOTTSDALE OSBORN MEDICAL CENTER,3.0
MARICOPA,SUN CITY,BANNER BOSWELL MEDICAL CENTER,3.0
MARICOPA,SUN CITY WEST,BANNER DEL E. WEBB MEDICAL CENTER,3.0
MARICOPA,WICKENBURG,WICKENBURG COMMUNITY HOSPITAL,4.0
MARIN,GREENBRAE,MARIN GENERAL HOSPITAL,3.0
MARIN,NOVATO,NOVATO COMMUNITY HOSPITAL,4.0
MARIN,SAN RAFAEL,KAISER FOUNDATION HOSPITAL,4.0
MARION,HAMILTON,MARION REGIONAL MEDICAL CENTER,5.0
MARSHALL,BOAZ,MARSHALL MEDICAL CENTER SOUTH,3.0
MATANUSKA-SUSITNA,PALMER,MAT-SU REGIONAL MEDICAL CENTER,3.0
MENDOCINO,FORT BRAGG,MENDOCINO COAST DISTRICT HOSPITAL,2.0
MENDOCINO,UKIAH,ADVENTIST HEALTH UKIAH VALLEY,3.0
MENDOCINO,WILLITS,ADVENTIST HEALTH HOWARD MEMORIAL,5.0
MERCED,LOS BANOS,MEMORIAL HOSPITAL LOS BANOS,4.0
MERCED,MERCED,MERCY MEDICAL CENTER,3.0
MESA,GRAND JUNCTION,ST MARYS  MEDICAL CENTER,4.0
MESA,GRAND JUNCTION,COMMUNITY HOSPITAL,3.0
MISSISSIPPI,BLYTHEVILLE,GREAT RIVER MEDICAL CENTER,3.0
MOBILE,MOBILE,MOBILE INFIRMARY MEDICAL CENTER,4.0
MOBILE,MOBILE,SPRINGHILL MEMORIAL HOSPITAL,4.0
MOBILE,MOBILE,PROVIDENCE HOSPITAL,3.0
MOBILE,MOBILE,UNIVERSITY OF SOUTH ALABAMA MEDICAL CENTER,3.0
MOFFAT,CRAIG,"MEMORIAL HOSPITAL, THE",4.0
MOHAVE,BULLHEAD CITY,WESTERN ARIZONA REGIONAL MEDICAL CENTER,2.0
MOHAVE,FORT MOHAVE,VALLEY VIEW MEDICAL CENTER,3.0
MOHAVE,KINGMAN,KINGMAN REGIONAL MEDICAL CENTER,3.0
MOHAVE,LAKE HAVASU CITY,HAVASU REGIONAL MEDICAL CENTER,3.0
MONO,MAMMOTH LAKES,MAMMOTH HOSPITAL,5.0
MONROE,MONROEVILLE,MONROE COUNTY HOSPITAL,4.0
MONTEREY,MONTEREY,COMMUNITY HOSPITAL OF THE MONTEREY PENINSULA,4.0
MONTEREY,SALINAS,SALINAS VALLEY MEMORIAL HOSPITAL,4.0
MONTEREY,SALINAS,NATIVIDAD MEDICAL CENTER,3.0
MONTEZUMA,CORTEZ,SOUTHWEST MEMORIAL HOSPITAL,3.0
MONTGOMERY,MONTGOMERY,BAPTIST MEDICAL CENTER EAST,4.0
MONTGOMERY,MONTGOMERY,BAPTIST MEDICAL CENTER SOUTH,3.0
MONTGOMERY,MONTGOMERY,JACKSON HOSPITAL & CLINIC INC,3.0
MONTROSE,MONTROSE,MONTROSE MEMORIAL HOSPITAL,5.0
MORGAN,DECATUR,DECATUR MORGAN HOSPITAL-DECATUR CAMPUS,3.0
MORGAN,FORT MORGAN,COLORADO PLAINS MEDICAL CENTER,3.0
NAPA,NAPA,QUEEN OF THE VALLEY MEDICAL CENTER,3.0
NAPA,SAINT HELENA,ADVENTIST HEALTH ST HELENA,3.0
NAVAJO,SHOW LOW,SUMMIT HEALTHCARE REGIONAL MEDICAL CENTER,4.0
NAVAJO,WINSLOW,LITTLE COLORADO MEDICAL CENTER,3.0
NEVADA,GRASS VALLEY,SIERRA NEVADA MEMORIAL HOSPITAL,3.0
NEVADA,TRUCKEE,TAHOE FOREST HOSPITAL,5.0
NEW HAVEN,MERIDEN,MIDSTATE MEDICAL CENTER,4.0
NEW HAVEN,WATERBURY,SAINT MARY'S HOSPITAL,3.0
NEW HAVEN,WATERBURY,WATERBURY HOSPITAL,2.0
NEW LONDON,NEW LONDON,LAWRENCE & MEMORIAL HOSPITAL,3.0
ORANGE,ANAHEIM,KAISER FOUNDATION HOSPITAL - ORANGE COUNTY - ANAHE,4.0
ORANGE,ANAHEIM,AHMC ANAHEIM REGIONAL MEDICAL CENTER,3.0
ORANGE,ANAHEIM,ANAHEIM GLOBAL MEDICAL CENTER,2.0
ORANGE,ANAHEIM,WEST ANAHEIM MEDICAL CENTER,2.0
ORANGE,FOUNTAIN VALLEY,ORANGE COAST MEMORIAL MEDICAL CENTER,4.0
ORANGE,FOUNTAIN VALLEY,FOUNTAIN VALLEY REGIONAL HOSPITAL & MEDICAL CENTER,2.0
ORANGE,FULLERTON,ST JUDE MEDICAL CENTER,4.0
ORANGE,GARDEN GROVE,GARDEN GROVE HOSPITAL & MEDICAL CENTER,3.0
ORANGE,HUNTINGTON BEACH,HUNTINGTON BEACH HOSPITAL,1.0
ORANGE,IRVINE,HOAG ORTHOPEDIC INSTITUTE,5.0
ORANGE,LA PALMA,LA PALMA INTERCOMMUNITY HOSPITAL,2.0
ORANGE,LAGUNA HILLS,MEMORIALCARE SADDLEBACK MEDICAL CENTER,4.0
ORANGE,LOS ALAMITOS,LOS ALAMITOS MEDICAL CENTER,3.0
ORANGE,MISSION VIEJO,MISSION HOSPITAL REGIONAL MED CENTER,4.0
ORANGE,NEWPORT BEACH,HOAG MEMORIAL HOSPITAL PRESBYTERIAN,4.0
ORANGE,ORANGE,ST JOSEPH HOSPITAL,4.0
ORANGE,ORANGE,UNIVERSITY OF CALIFORNIA IRVINE MED CENTER,4.0
ORANGE,ORANGE,CHAPMAN GLOBAL MEDICAL CENTER,2.0
ORANGE,PLACENTIA,PLACENTIA LINDA HOSPITAL,3.0
ORANGE,SANTA ANA,ORANGE COUNTY GLOBAL MEDICAL CENTER,3.0
ORANGE,SANTA ANA,SOUTH COAST GLOBAL MEDICAL CENTER,2.0
ORANGE,TUSTIN,FOOTHILL REGIONAL MEDICAL CENTER,1.0
OTERO,LA JUNTA,ARKANSAS VALLEY REGIONAL MEDICAL CENTER,3.0
OUACHITA,CAMDEN,OUACHITA COUNTY MEDICAL CENTER,4.0
PHILLIPS,HELENA,HELENA REGIONAL MEDICAL CENTER,3.0
PIKE,TROY,TROY REGIONAL MEDICAL CENTER,3.0
PIMA,GREEN VALLEY,SANTA CRUZ VALLEY REGIONAL HOSPITAL,2.0
PIMA,ORO VALLEY,ORO VALLEY HOSPITAL,4.0
PIMA,TUCSON,BANNER-UNIVERSITY MEDICAL CENTER SOUTH CAMPUS,3.0
PIMA,TUCSON,NORTHWEST MEDICAL CENTER,3.0
PIMA,TUCSON,ST JOSEPH'S HOSPITAL,3.0
PIMA,TUCSON,ST. MARY'S HOSPITAL,3.0
PIMA,TUCSON,TUCSON MEDICAL CENTER,3.0
PIMA,TUCSON,BANNER - UNIVERSITY MEDICAL CENTER TUCSON CAMPUS,2.0
PINAL,APACHE JUNCTION,BANNER GOLDFIELD MEDICAL CENTER,4.0
PINAL,CASA GRANDE,BANNER CASA GRANDE MEDICAL CENTER,3.0
PINAL,QUEEN CREEK,BANNER IRONWOOD MEDICAL CENTER,4.0
PITKIN,ASPEN,ASPEN VALLEY HOSPITAL,5.0
PLACER,AUBURN,SUTTER AUBURN FAITH HOSPITAL,4.0
PLACER,ROSEVILLE,KAISER FOUNDATION HOSPITAL - ROSEVILLE,4.0
PLACER,ROSEVILLE,SUTTER ROSEVILLE MEDICAL CENTER,4.0
POPE,RUSSELLVILLE,ST MARYS REGIONAL MEDICAL CENTER,2.0
PUEBLO,PUEBLO,"PARKVIEW MEDICAL CENTER, INC",4.0
PUEBLO,PUEBLO,CENTURA HEALTH-ST MARY CORWIN MEDICAL CENTER,3.0
PULASKI,JACKSONVILLE,NORTH METRO MEDICAL CENTER,1.0
PULASKI,LITTLE ROCK,"ARKANSAS HEART HOSPITAL, LLC",5.0
PULASKI,LITTLE ROCK,BAPTIST HEALTH MEDICAL CENTER-LITTLE ROCK,4.0
PULASKI,LITTLE ROCK,UAMS MEDICAL CENTER,4.0
PULASKI,LITTLE ROCK,CHI-ST VINCENT INFIRMARY,3.0
PULASKI,NO LITTLE ROCK,ARKANSAS SURGICAL HOSPITAL,5.0
PULASKI,NORTH LITTLE ROCK,BAPTIST HEALTH MEDICAL CENTER NORTH LITTLE ROCK,4.0
PULASKI,SHERWOOD,ST VINCENT MEDICAL CENTER/NORTH,3.0
RANDOLPH,POCAHONTAS,FIVE RIVERS MEDICAL CENTER,4.0
RIVERSIDE,BANNING,SAN GORGONIO MEMORIAL HOSPITAL,3.0
RIVERSIDE,CORONA,CORONA REGIONAL MEDICAL CENTER,2.0
RIVERSIDE,HEMET,HEMET VALLEY MEDICAL CENTER,1.0
RIVERSIDE,INDIO,JOHN F KENNEDY MEMORIAL HOSPITAL,3.0
RIVERSIDE,MORENO VALLEY,KAISER FOUNDATION HOSPITAL-MORENO VALLEY,3.0
RIVERSIDE,MORENO VALLEY,RIVERSIDE UNIVERSITY HEALTH SYSTEM-MEDICAL CENTER,2.0
RIVERSIDE,MURRIETA,LOMA LINDA UNIVERSITY MEDICAL CENTER-MURRIETA,4.0
RIVERSIDE,MURRIETA,SOUTHWEST HEALTHCARE SYSTEM,3.0
RIVERSIDE,PALM SPRINGS,DESERT REGIONAL MEDICAL CENTER,3.0
RIVERSIDE,RANCHO MIRAGE,EISENHOWER MEDICAL CENTER,4.0
RIVERSIDE,RIVERSIDE,"KAISER FOUNDATION HOSPITAL, RIVERSIDE",4.0
RIVERSIDE,RIVERSIDE,RIVERSIDE COMMUNITY HOSPITAL,3.0
RIVERSIDE,RIVERSIDE,PARKVIEW COMMUNITY HOSPITAL MEDICAL CENTER,2.0
RIVERSIDE,SUN CITY,MENIFEE VALLEY MEDICAL CENTER,1.0
RIVERSIDE,TEMECULA,TEMECULA VALLEY HOSPITAL,4.0
ROUTT,STEAMBOAT SPRINGS,UCHEALTH YAMPA VALLEY MEDICAL CENTER,5.0
RUSSELL,PHENIX CITY,JACK HUGHSTON MEMORIAL HOSPITAL,5.0
SACRAMENTO,CARMICHAEL,MERCY SAN JUAN MEDICAL CENTER,3.0
SACRAMENTO,FOLSOM,MERCY HOSPITAL OF FOLSOM,4.0
SACRAMENTO,SACRAMENTO,KAISER FOUNDATION HOSP SO SACRAMENTO,4.0
SACRAMENTO,SACRAMENTO,MERCY GENERAL HOSPITAL,4.0
SACRAMENTO,SACRAMENTO,"SUTTER MEDICAL CENTER, SACRAMENTO",4.0
SACRAMENTO,SACRAMENTO,UNIVERSITY OF CALIFORNIA DAVIS MEDICAL CENTER,4.0
SACRAMENTO,SACRAMENTO,KAISER FOUNDATION HOSPITAL - SACRAMENTO,3.0
SACRAMENTO,SACRAMENTO,METHODIST HOSPITAL OF SACRAMENTO,3.0
SALINE,BENTON,SALINE MEMORIAL HOSPITAL,3.0
SAN BENITO,HOLLISTER,HAZEL HAWKINS MEMORIAL HOSPITAL,4.0
SAN BERNARDINO,APPLE VALLEY,ST MARY MEDICAL CENTER,2.0
SAN BERNARDINO,BARSTOW,BARSTOW COMMUNITY HOSPITAL,3.0
SAN BERNARDINO,CHINO,CHINO VALLEY MEDICAL CENTER,3.0
SAN BERNARDINO,COLTON,ARROWHEAD REGIONAL MEDICAL CENTER,3.0
SAN BERNARDINO,FONTANA,KAISER FOUNDATION HOSPITAL FONTANA,4.0
SAN BERNARDINO,JOSHUA TREE,HI-DESERT MEDICAL CENTER,3.0
SAN BERNARDINO,LOMA LINDA,LOMA LINDA UNIVERSITY MEDICAL CENTER,4.0
SAN BERNARDINO,LOMA LINDA,LOMA LINDA UNIVERSITY CHILDREN'S HOSPITAL,3.0
SAN BERNARDINO,MONTCLAIR,MONTCLAIR HOSPITAL MEDICAL CENTER,3.0
SAN BERNARDINO,REDLANDS,REDLANDS COMMUNITY HOSPITAL,4.0
SAN BERNARDINO,SAN BERNARDINO,COMMUNITY HOSPITAL OF SAN BERNARDINO,3.0
SAN BERNARDINO,SAN BERNARDINO,ST BERNARDINE MEDICAL CENTER,3.0
SAN BERNARDINO,UPLAND,SAN ANTONIO REGIONAL HOSPITAL,4.0
SAN BERNARDINO,VICTORVILLE,DESERT VALLEY HOSPITAL,3.0
SAN BERNARDINO,VICTORVILLE,VICTOR VALLEY GLOBAL MEDICAL CENTER,1.0
SAN DIEGO,CHULA VISTA,SHARP CHULA VISTA MEDICAL CENTER,3.0
SAN DIEGO,CORONADO,SHARP CORONADO HOSPITAL AND HLTHCR CTR,4.0
SAN DIEGO,ENCINITAS,SCRIPPS MEMORIAL HOSPITAL - ENCINITAS,3.0
SAN DIEGO,ESCONDIDO,PALOMAR HEALTH DOWNTOWN CAMPUS,4.0
SAN DIEGO,LA JOLLA,SCRIPPS GREEN HOSPITAL,4.0
SAN DIEGO,LA JOLLA,SCRIPPS MEMORIAL HOSPITAL LA JOLLA,4.0
SAN DIEGO,LA MESA,GROSSMONT HOSPITAL,3.0
SAN DIEGO,NATIONAL CITY,PARADISE VALLEY HOSPITAL,2.0
SAN DIEGO,OCEANSIDE,TRI-CITY MEDICAL CENTER,2.0
SAN DIEGO,POWAY,POMERADO HOSPITAL,3.0
SAN DIEGO,SAN DIEGO,SHARP MEMORIAL HOSPITAL,5.0
SAN DIEGO,SAN DIEGO,KAISER FOUNDATION HOSPITAL - ZION,4.0
SAN DIEGO,SAN DIEGO,UC SAN DIEGO HEALTH HILLCREST - HILLCREST MED CTR,4.0
SAN DIEGO,SAN DIEGO,SCRIPPS MERCY HOSPITAL,3.0
SAN DIEGO,SAN DIEGO,ALVARADO HOSPITAL MEDICAL CENTER,2.0
SAN FRANCISCO,SAN FRANCISCO,UCSF MEDICAL CENTER,5.0
SAN FRANCISCO,SAN FRANCISCO,CHINESE HOSPITAL,4.0
SAN FRANCISCO,SAN FRANCISCO,ZUCKERBERG SAN FRANCISCO GENERAL HOSP & TRAUMA CTR,4.0
SAN FRANCISCO,SAN FRANCISCO,CALIFORNIA PACIFIC MEDICAL CTR-DAVIES CAMPUS HOSP,3.0
SAN FRANCISCO,SAN FRANCISCO,CALIFORNIA PACIFIC MEDICAL CTR-PACIFIC CAMPUS HOSP,3.0
SAN FRANCISCO,SAN FRANCISCO,KAISER FOUNDATION HOSPITAL - SAN FRANCISCO,3.0
SAN FRANCISCO,SAN FRANCISCO,SAINT FRANCIS MEMORIAL HOSPITAL,3.0
SAN FRANCISCO,SAN FRANCISCO,ST MARY'S MEDICAL CENTER,3.0
SAN FRANCISCO,SAN FRANCISCO,CALIFORNIA PACIFIC MEDICAL CTR - ST. LUKE'S CAMPUS,2.0
SAN JOAQUIN,FRENCH CAMP,SAN JOAQUIN GENERAL HOSPITAL,2.0
SAN JOAQUIN,LODI,ADVENTIST HEALTH LODI MEMORIAL,3.0
SAN JOAQUIN,MANTECA,KAISER FOUNDATION HOSPITAL MANTECA,4.0
SAN JOAQUIN,MANTECA,DOCTORS HOSPITAL OF MANTECA,3.0
SAN JOAQUIN,STOCKTON,DAMERON HOSPITAL,3.0
SAN JOAQUIN,STOCKTON,ST JOSEPH'S MEDICAL CENTER OF STOCKTON,3.0
SAN JOAQUIN,TRACY,SUTTER TRACY COMMUNITY HOSPITAL,4.0
SAN LUIS OBISPO,SAN LUIS OBISPO,FRENCH HOSPITAL MEDICAL CENTER,4.0
SAN LUIS OBISPO,SAN LUIS OBISPO,SIERRA VISTA REGIONAL MEDICAL CENTER,3.0
SAN LUIS OBISPO,TEMPLETON,TWIN CITIES COMMUNITY HOSPITAL,3.0
SAN MATEO,BURLINGAME,MILLS-PENINSULA MEDICAL CENTER,4.0
SAN MATEO,DALY CITY,SETON MEDICAL CENTER,3.0
SAN MATEO,MENLO PARK,MENLO PARK SURGICAL HOSPITAL,5.0
SAN MATEO,REDWOOD CITY,KAISER FOUNDATION HOSPITAL - REDWOOD CITY,4.0
SAN MATEO,REDWOOD CITY,SEQUOIA HOSPITAL,4.0
SAN MATEO,SAN MATEO,SAN MATEO MEDICAL CENTER,3.0
SAN MATEO,SOUTH SAN FRANCISCO,KAISER FOUNDATION HOSPITAL - SOUTH SAN FRANCISCO,4.0
SANTA BARBARA,LOMPOC,LOMPOC VALLEY MEDICAL CENTER,2.0
SANTA BARBARA,SANTA BARBARA,GOLETA VALLEY COTTAGE HOSPITAL,5.0
SANTA BARBARA,SANTA BARBARA,SANTA BARBARA COTTAGE HOSPITAL,5.0
SANTA BARBARA,SANTA MARIA,MARIAN REGIONAL MEDICAL CENTER,4.0
SANTA CLARA,GILROY,ST LOUISE REGIONAL HOSPITAL,3.0
SANTA CLARA,MOUNTAIN VIEW,EL CAMINO HOSPITAL,4.0
SANTA CLARA,SAN JOSE,GOOD SAMARITAN HOSPITAL,3.0
SANTA CLARA,SAN JOSE,KAISER FOUNDATION HOSPITAL-SAN JOSE,3.0
SANTA CLARA,SAN JOSE,O'CONNOR HOSPITAL,3.0
SANTA CLARA,SAN JOSE,REGIONAL MEDICAL CENTER OF SAN JOSE,3.0
SANTA CLARA,SAN JOSE,SANTA CLARA VALLEY MEDICAL CENTER,2.0
SANTA CLARA,SANTA CLARA,KAISER FOUNDATION HOSPITAL-SANTA CLARA,4.0
SANTA CLARA,STANFORD,STANFORD HEALTH CARE,4.0
SANTA CRUZ,NOGALES,HOLY CROSS HOSPITAL,3.0
SANTA CRUZ,SANTA CRUZ,SUTTER MATERNITY & SURGERY CENTER OF SANTA CRUZ,5.0
SANTA CRUZ,SANTA CRUZ,DOMINICAN HOSPITAL,3.0
SANTA CRUZ,WATSONVILLE,WATSONVILLE COMMUNITY HOSPITAL,3.0
SEBASTIAN,FORT SMITH,MERCY HOSPITAL FORT SMITH,4.0
SEBASTIAN,FORT SMITH,SPARKS REGIONAL MEDICAL CENTER,3.0
SHASTA,REDDING,MERCY MEDICAL CENTER REDDING,3.0
SHASTA,REDDING,SHASTA REGIONAL MEDICAL CENTER,3.0
SHELBY,ALABASTER,SHELBY BAPTIST MEDICAL CENTER,3.0
SISKIYOU,MOUNT SHASTA,MERCY MEDICAL CENTER MT SHASTA,4.0
SISKIYOU,YREKA,FAIRCHILD MEDICAL CENTER,3.0
SOLANO,FAIRFIELD,NORTHBAY MEDICAL CENTER,3.0
SOLANO,VACAVILLE,KAISER FOUNDATION HOSPITAL - VACAVILLE,4.0
SOLANO,VALLEJO,KAISER FOUNDATION HOSPITAL AND REHAB CENTER,4.0
SOLANO,VALLEJO,SUTTER SOLANO MEDICAL CENTER,3.0
SONOMA,HEALDSBURG,HEALDSBURG DISTRICT HOSPITAL,4.0
SONOMA,PETALUMA,PETALUMA VALLEY HOSPITAL,3.0
SONOMA,SANTA ROSA,KAISER FOUNDATION HOSPITAL-SANTA ROSA,4.0
SONOMA,SANTA ROSA,SUTTER SANTA ROSA REGIONAL HOSPITAL,4.0
SONOMA,SANTA ROSA,SANTA ROSA MEMORIAL HOSPITAL,3.0
SONOMA,SONOMA,SONOMA VALLEY HOSPITAL,3.0
ST. CLAIR,PELL CITY,ST VINCENT'S ST CLAIR,4.0
ST. FRANCIS,FORREST CITY,FORREST CITY MEDICAL CENTER,3.0
STANISLAUS,MODESTO,STANISLAUS SURGICAL HOSPITAL,5.0
STANISLAUS,MODESTO,DOCTORS MEDICAL CENTER,3.0
STANISLAUS,MODESTO,MEMORIAL MEDICAL CENTER,3.0
STANISLAUS,OAKDALE,OAK VALLEY HOSPITAL DISTRICT,4.0
STANISLAUS,TURLOCK,EMANUEL MEDICAL CENTER,3.0
SUMMIT,FRISCO,ST ANTHONY SUMMIT MEDICAL CENTER,5.0
SUTTER,YUBA CITY,SUTTER SURGICAL HOSPITAL - NORTH VALLEY,5.0
TALLADEGA,SYLACAUGA,COOSA VALLEY MEDICAL CENTER,3.0
TALLADEGA,TALLADEGA,CITIZENS BAPTIST MEDICAL CENTER,4.0
TALLAPOOSA,ALEXANDER CITY,RUSSELL MEDICAL CENTER,4.0
TALLAPOOSA,DADEVILLE,LAKE MARTIN COMMUNITY HOSPITAL,3.0
TEHAMA,RED BLUFF,ST ELIZABETH COMMUNITY HOSPITAL,3.0
TOLLAND,ROCKVILLE,ROCKVILLE GENERAL HOSPITAL,2.0
TOLLAND,STAFFORD SPRINGS,JOHNSON MEMORIAL HOSPITAL,4.0
TULARE,PORTERVILLE,SIERRA VIEW MEDICAL CENTER,3.0
TULARE,VISALIA,KAWEAH DELTA MEDICAL CENTER,3.0
TUOLUMNE,SONORA,ADVENTIST HEALTH SONORA,3.0
TUSCALOOSA,TUSCALOOSA,D C H REGIONAL MEDICAL CENTER,3.0
UNION,EL DORADO,MEDICAL CENTER OF SOUTH ARKANSAS,3.0
VENTURA,CAMARILLO,ST JOHNS PLEASANT VALLEY HOSPITAL,3.0
VENTURA,OJAI,OJAI VALLEY COMMUNITY HOSPITAL,5.0
VENTURA,OXNARD,ST JOHNS REGIONAL MEDICAL CENTER,3.0
VENTURA,SIMI VALLEY,ADVENTIST HEALTH SIMI VALLEY,3.0
VENTURA,THOUSAND OAKS,LOS ROBLES HOSPITAL & MEDICAL CENTER,3.0
VENTURA,VENTURA,COMMUNITY MEMORIAL HOSPITAL SAN BUENAVENTURA,3.0
VENTURA,VENTURA,VENTURA COUNTY MEDICAL CENTER,3.0
WALKER,JASPER,WALKER BAPTIST MEDICAL CENTER,3.0
WASHINGTON,FAYETTEVILLE,NORTHWEST HEALTH PHYSICIANS SPECIALTY HOSPITAL,4.0
WASHINGTON,FAYETTEVILLE,WASHINGTON REGIONAL MEDICAL CENTER,4.0
WASHINGTON,SPRINGDALE,NORTHWEST MEDICAL CENTER-SPRINGDALE,3.0
WELD,GREELEY,NORTH COLORADO MEDICAL CENTER,3.0
WHITE,SEARCY,WHITE COUNTY MEDICAL CENTER,3.0
WINDHAM,PUTNAM,DAY KIMBALL HOSPITAL,3.0
WINSTON,HALEYVILLE,LAKELAND COMMUNITY HOSPITAL,4.0
YAVAPAI,COTTONWOOD,VERDE VALLEY MEDICAL CENTER,3.0
YAVAPAI,PRESCOTT,YAVAPAI REGIONAL MEDICAL CENTER,4.0
YELL,DANVILLE,CHAMBERS MEMORIAL HOSPITAL,4.0
YOLO,DAVIS,SUTTER DAVIS HOSPITAL,5.0
YOLO,WOODLAND,WOODLAND MEMORIAL HOSPITAL,4.0
YUBA,MARYSVILLE,RIDEOUT MEMORIAL HOSPITAL,1.0
YUMA,YUMA,YUMA REGIONAL MEDICAL CENTER,3.0
